ISO_CODE,YEAR,INDICATOR,VALUE
ARG,2000,CPI_INFL_ANNUAL_PCT,9.17
ARG,2001,CPI_INFL_ANNUAL_PCT,-1.1
ARG,2002,CPI_INFL_ANNUAL_PCT,25.9
ARG,2003,CPI_INFL_ANNUAL_PCT,13.4
ARG,2004,CPI_INFL_ANNUAL_PCT,4.4
ARG,2005,CPI_INFL_ANNUAL_PCT,9.6
ARG,2006,CPI_INFL_ANNUAL_PCT,10.9
ARG,2007,CPI_INFL_ANNUAL_PCT,8.8
ARG,2008,CPI_INFL_ANNUAL_PCT,8.6
ARG,2009,CPI_INFL_ANNUAL_PCT,6.3
ARG,2010,CPI_INFL_ANNUAL_PCT,10.5
ARG,2011,CPI_INFL_ANNUAL_PCT,9.8
ARG,2012,CPI_INFL_ANNUAL_PCT,10.0
ARG,2013,CPI_INFL_ANNUAL_PCT,10.6
ARG,2014,CPI_INFL_ANNUAL_PCT,23.9
ARG,2015,CPI_INFL_ANNUAL_PCT,26.5
ARG,2016,CPI_INFL_ANNUAL_PCT,41.0
ARG,2017,CPI_INFL_ANNUAL_PCT,24.8
ARG,2018,CPI_INFL_ANNUAL_PCT,34.3
ARG,2019,CPI_INFL_ANNUAL_PCT,53.5
ARG,2020,CPI_INFL_ANNUAL_PCT,42.0
ARG,2021,CPI_INFL_ANNUAL_PCT,48.4
ARG,2022,CPI_INFL_ANNUAL_PCT,72.4
ARG,2023,CPI_INFL_ANNUAL_PCT,133.5
ARG,2024,CPI_INFL_ANNUAL_PCT,209.0
ARG,2025,CPI_INFL_ANNUAL_PCT,58.0
BOL,2000,CPI_INFL_ANNUAL_PCT,4.59
BOL,2001,CPI_INFL_ANNUAL_PCT,4.58
BOL,2002,CPI_INFL_ANNUAL_PCT,5.09
BOL,2003,CPI_INFL_ANNUAL_PCT,2.92
BOL,2004,CPI_INFL_ANNUAL_PCT,3.46
BOL,2005,CPI_INFL_ANNUAL_PCT,3.55
BOL,2006,CPI_INFL_ANNUAL_PCT,4.11
BOL,2007,CPI_INFL_ANNUAL_PCT,5.65
BOL,2008,CPI_INFL_ANNUAL_PCT,7.29
BOL,2009,CPI_INFL_ANNUAL_PCT,1.85
BOL,2010,CPI_INFL_ANNUAL_PCT,5.85
BOL,2011,CPI_INFL_ANNUAL_PCT,5.46
BOL,2012,CPI_INFL_ANNUAL_PCT,4.32
BOL,2013,CPI_INFL_ANNUAL_PCT,4.58
BOL,2014,CPI_INFL_ANNUAL_PCT,4.24
BOL,2015,CPI_INFL_ANNUAL_PCT,5.95
BOL,2016,CPI_INFL_ANNUAL_PCT,4.9
BOL,2017,CPI_INFL_ANNUAL_PCT,3.39
BOL,2018,CPI_INFL_ANNUAL_PCT,4.83
BOL,2019,CPI_INFL_ANNUAL_PCT,3.5
BOL,2020,CPI_INFL_ANNUAL_PCT,4.21
BOL,2021,CPI_INFL_ANNUAL_PCT,6.82
BOL,2022,CPI_INFL_ANNUAL_PCT,n/a
BOL,2023,CPI_INFL_ANNUAL_PCT,4.68
BOL,2024,CPI_INFL_ANNUAL_PCT,4.46
BOL,2025,CPI_INFL_ANNUAL_PCT,4.24
BRA,2000,CPI_INFL_ANNUAL_PCT,5.68
BRA,2001,CPI_INFL_ANNUAL_PCT,6.47
BRA,2002,CPI_INFL_ANNUAL_PCT,7.37
BRA,2003,CPI_INFL_ANNUAL_PCT,7.14
BRA,2004,CPI_INFL_ANNUAL_PCT,4.88
BRA,2005,CPI_INFL_ANNUAL_PCT,6.75
BRA,2006,CPI_INFL_ANNUAL_PCT,5.68
BRA,2007,CPI_INFL_ANNUAL_PCT,4.99
BRA,2008,CPI_INFL_ANNUAL_PCT,9.02
BRA,2009,CPI_INFL_ANNUAL_PCT,4.33
BRA,2010,CPI_INFL_ANNUAL_PCT,4.58
BRA,2011,CPI_INFL_ANNUAL_PCT,4.86
BRA,2012,CPI_INFL_ANNUAL_PCT,5.99
BRA,2013,CPI_INFL_ANNUAL_PCT,6.66
BRA,2014,CPI_INFL_ANNUAL_PCT,5.15
BRA,2015,CPI_INFL_ANNUAL_PCT,7.28
BRA,2016,CPI_INFL_ANNUAL_PCT,5.18
BRA,2017,CPI_INFL_ANNUAL_PCT,5.38
BRA,2018,CPI_INFL_ANNUAL_PCT,5.74
BRA,2019,CPI_INFL_ANNUAL_PCT,6.58
BRA,2020,CPI_INFL_ANNUAL_PCT,4.77
BRA,2021,CPI_INFL_ANNUAL_PCT,7.86
BRA,2022,CPI_INFL_ANNUAL_PCT,11.64
BRA,2023,CPI_INFL_ANNUAL_PCT,7.45
BRA,2024,CPI_INFL_ANNUAL_PCT,7.33
BRA,2025,CPI_INFL_ANNUAL_PCT,6.53
CHL,2000,CPI_INFL_ANNUAL_PCT,2.9
CHL,2001,CPI_INFL_ANNUAL_PCT,2.59
CHL,2002,CPI_INFL_ANNUAL_PCT,3.61
CHL,2003,CPI_INFL_ANNUAL_PCT,2.76
CHL,2004,CPI_INFL_ANNUAL_PCT,3.62
CHL,2005,CPI_INFL_ANNUAL_PCT,3.01
CHL,2006,CPI_INFL_ANNUAL_PCT,0.78
CHL,2007,CPI_INFL_ANNUAL_PCT,3.12
CHL,2008,CPI_INFL_ANNUAL_PCT,5.64
CHL,2009,CPI_INFL_ANNUAL_PCT,1.64
CHL,2010,CPI_INFL_ANNUAL_PCT,3.36
CHL,2011,CPI_INFL_ANNUAL_PCT,3.05
CHL,2012,CPI_INFL_ANNUAL_PCT,3.61
CHL,2013,CPI_INFL_ANNUAL_PCT,2.58
CHL,2014,CPI_INFL_ANNUAL_PCT,4.12
CHL,2015,CPI_INFL_ANNUAL_PCT,3.95
CHL,2016,CPI_INFL_ANNUAL_PCT,3.03
CHL,2017,CPI_INFL_ANNUAL_PCT,3.6
CHL,2018,CPI_INFL_ANNUAL_PCT,4.69
CHL,2019,CPI_INFL_ANNUAL_PCT,2.61
CHL,2020,CPI_INFL_ANNUAL_PCT,0.61
CHL,2021,CPI_INFL_ANNUAL_PCT,3.81
CHL,2022,CPI_INFL_ANNUAL_PCT,6.33
CHL,2023,CPI_INFL_ANNUAL_PCT,3.54
CHL,2024,CPI_INFL_ANNUAL_PCT,2.93
CHL,2025,CPI_INFL_ANNUAL_PCT,2.08
COL,2000,CPI_INFL_ANNUAL_PCT,4.84
COL,2001,CPI_INFL_ANNUAL_PCT,5.27
COL,2002,CPI_INFL_ANNUAL_PCT,4.93
COL,2003,CPI_INFL_ANNUAL_PCT,4.84
COL,2004,CPI_INFL_ANNUAL_PCT,5.72
COL,2005,CPI_INFL_ANNUAL_PCT,5.67
COL,2006,CPI_INFL_ANNUAL_PCT,4.93
COL,2007,CPI_INFL_ANNUAL_PCT,5.75
COL,2008,CPI_INFL_ANNUAL_PCT,7.03
COL,2009,CPI_INFL_ANNUAL_PCT,2.91
COL,2010,CPI_INFL_ANNUAL_PCT,5.8
COL,2011,CPI_INFL_ANNUAL_PCT,5.48
COL,2011,CPI_INFL_ANNUAL_PCT,5.48
COL,2012,CPI_INFL_ANNUAL_PCT,5.21
COL,2013,CPI_INFL_ANNUAL_PCT,4.66
COL,2014,CPI_INFL_ANNUAL_PCT,5.71
COL,2015,CPI_INFL_ANNUAL_PCT,4.93
COL,2016,CPI_INFL_ANNUAL_PCT,5.86
COL,2017,CPI_INFL_ANNUAL_PCT,4.59
COL,2017,CPI_INFL_ANNUAL_PCT,4.59
COL,2018,CPI_INFL_ANNUAL_PCT,5.86
COL,2019,CPI_INFL_ANNUAL_PCT,5.31
COL,2020,CPI_INFL_ANNUAL_PCT,2.87
COL,2021,CPI_INFL_ANNUAL_PCT,6.61
COL,2022,CPI_INFL_ANNUAL_PCT,9.35
COL,2023,CPI_INFL_ANNUAL_PCT,6.02
COL,2024,CPI_INFL_ANNUAL_PCT,4.6
COL,2025,CPI_INFL_ANNUAL_PCT,6.32
CRI,2000,CPI_INFL_ANNUAL_PCT,7.6
CRI,2001,CPI_INFL_ANNUAL_PCT,5.7
CRI,2002,CPI_INFL_ANNUAL_PCT,7.75
CRI,2003,CPI_INFL_ANNUAL_PCT,6.46
CRI,2004,CPI_INFL_ANNUAL_PCT,NA
CRI,2005,CPI_INFL_ANNUAL_PCT,6.04
CRI,2006,CPI_INFL_ANNUAL_PCT,5.82
CRI,2007,CPI_INFL_ANNUAL_PCT,6.77
CRI,2008,CPI_INFL_ANNUAL_PCT,9.84
CRI,2009,CPI_INFL_ANNUAL_PCT,5.53
CRI,2010,CPI_INFL_ANNUAL_PCT,5.53
CRI,2011,CPI_INFL_ANNUAL_PCT,8.25
CRI,2012,CPI_INFL_ANNUAL_PCT,6.18
CRI,2013,CPI_INFL_ANNUAL_PCT,6.67
CRI,2014,CPI_INFL_ANNUAL_PCT,6.59
CRI,2015,CPI_INFL_ANNUAL_PCT,6.49
CRI,2016,CPI_INFL_ANNUAL_PCT,5.58
CRI,2017,CPI_INFL_ANNUAL_PCT,6.25
CRI,2018,CPI_INFL_ANNUAL_PCT,6.71
CRI,2019,CPI_INFL_ANNUAL_PCT,6.25
CRI,2020,CPI_INFL_ANNUAL_PCT,5.87
CRI,2021,CPI_INFL_ANNUAL_PCT,8.03
CRI,2022,CPI_INFL_ANNUAL_PCT,11.97
CRI,2023,CPI_INFL_ANNUAL_PCT,7.68
CRI,2024,CPI_INFL_ANNUAL_PCT,5.77
CRI,2025,CPI_INFL_ANNUAL_PCT,6.34
CUB,2000,CPI_INFL_ANNUAL_PCT,1.89
CUB,2001,CPI_INFL_ANNUAL_PCT,4.56
CUB,2002,CPI_INFL_ANNUAL_PCT,4.23
CUB,2003,CPI_INFL_ANNUAL_PCT,2.41
CUB,2004,CPI_INFL_ANNUAL_PCT,3.07
CUB,2005,CPI_INFL_ANNUAL_PCT,NA
CUB,2006,CPI_INFL_ANNUAL_PCT,3.99
CUB,2007,CPI_INFL_ANNUAL_PCT,
CUB,2008,CPI_INFL_ANNUAL_PCT,4.85
CUB,2009,CPI_INFL_ANNUAL_PCT,1.19
CUB,2010,CPI_INFL_ANNUAL_PCT,3.29
CUB,2011,CPI_INFL_ANNUAL_PCT,3.53
CUB,2012,CPI_INFL_ANNUAL_PCT,4.15
CUB,2013,CPI_INFL_ANNUAL_PCT,3.84
CUB,2014,CPI_INFL_ANNUAL_PCT,3.81
CUB,2015,CPI_INFL_ANNUAL_PCT,4.24
CUB,2016,CPI_INFL_ANNUAL_PCT,1.59
CUB,2017,CPI_INFL_ANNUAL_PCT,4.46
CUB,2018,CPI_INFL_ANNUAL_PCT,3.23
CUB,2019,CPI_INFL_ANNUAL_PCT,4.41
CUB,2020,CPI_INFL_ANNUAL_PCT,1.0
CUB,2021,CPI_INFL_ANNUAL_PCT,4.56
CUB,2022,CPI_INFL_ANNUAL_PCT,6.38
CUB,2023,CPI_INFL_ANNUAL_PCT,5.57
CUB,2024,CPI_INFL_ANNUAL_PCT,2.76
CUB,2025,CPI_INFL_ANNUAL_PCT,4.04
DOM,2000,CPI_INFL_ANNUAL_PCT,6.02
DOM,2001,CPI_INFL_ANNUAL_PCT,8.08
DOM,2002,CPI_INFL_ANNUAL_PCT,5.83
DOM,2003,CPI_INFL_ANNUAL_PCT,5.36
DOM,2004,CPI_INFL_ANNUAL_PCT,6.48
DOM,2005,CPI_INFL_ANNUAL_PCT,5.76
DOM,2006,CPI_INFL_ANNUAL_PCT,n/a
DOM,2007,CPI_INFL_ANNUAL_PCT,6.47
DOM,2008,CPI_INFL_ANNUAL_PCT,8.02
DOM,2009,CPI_INFL_ANNUAL_PCT,3.74
DOM,2010,CPI_INFL_ANNUAL_PCT,6.74
DOM,2011,CPI_INFL_ANNUAL_PCT,5.72
DOM,2012,CPI_INFL_ANNUAL_PCT,4.1
DOM,2013,CPI_INFL_ANNUAL_PCT,6.66
DOM,2014,CPI_INFL_ANNUAL_PCT,6.33
DOM,2015,CPI_INFL_ANNUAL_PCT,6.51
DOM,2016,CPI_INFL_ANNUAL_PCT,6.48
DOM,2017,CPI_INFL_ANNUAL_PCT,5.72
DOM,2018,CPI_INFL_ANNUAL_PCT,5.51
DOM,2019,CPI_INFL_ANNUAL_PCT,6.1
DOM,2020,CPI_INFL_ANNUAL_PCT,4.48
DOM,2021,CPI_INFL_ANNUAL_PCT,8.42
DOM,2022,CPI_INFL_ANNUAL_PCT,10.86
DOM,2023,CPI_INFL_ANNUAL_PCT,7.84
DOM,2024,CPI_INFL_ANNUAL_PCT,5.18
DOM,2025,CPI_INFL_ANNUAL_PCT,6.42
ECU,2000,CPI_INFL_ANNUAL_PCT,96.1
ECU,2001,CPI_INFL_ANNUAL_PCT,37.7
ECU,2002,CPI_INFL_ANNUAL_PCT,NA
ECU,2003,CPI_INFL_ANNUAL_PCT,2.71
ECU,2004,CPI_INFL_ANNUAL_PCT,2.15
ECU,2005,CPI_INFL_ANNUAL_PCT,2.27
ECU,2006,CPI_INFL_ANNUAL_PCT,3.4
ECU,2007,CPI_INFL_ANNUAL_PCT,1.5
ECU,2008,CPI_INFL_ANNUAL_PCT,4.46
ECU,2009,CPI_INFL_ANNUAL_PCT,2.26
ECU,2010,CPI_INFL_ANNUAL_PCT,3.02
ECU,2011,CPI_INFL_ANNUAL_PCT,2.89
ECU,2012,CPI_INFL_ANNUAL_PCT,3.15
ECU,2013,CPI_INFL_ANNUAL_PCT,2.47
ECU,2014,CPI_INFL_ANNUAL_PCT,2.11
ECU,2015,CPI_INFL_ANNUAL_PCT,2.99
ECU,2016,CPI_INFL_ANNUAL_PCT,5.08
ECU,2017,CPI_INFL_ANNUAL_PCT,5.88
ECU,2018,CPI_INFL_ANNUAL_PCT,2.54
ECU,2019,CPI_INFL_ANNUAL_PCT,3.36
ECU,2020,CPI_INFL_ANNUAL_PCT,2.76
ECU,2021,CPI_INFL_ANNUAL_PCT,6.14
ECU,2022,CPI_INFL_ANNUAL_PCT,6.5
ECU,2023,CPI_INFL_ANNUAL_PCT,4.12
ECU,2024,CPI_INFL_ANNUAL_PCT,3.2
ECU,2025,CPI_INFL_ANNUAL_PCT,0.94
GTM,2000,CPI_INFL_ANNUAL_PCT,6.42
GTM,2001,CPI_INFL_ANNUAL_PCT,5.46
GTM,2002,CPI_INFL_ANNUAL_PCT,6.4
GTM,2003,CPI_INFL_ANNUAL_PCT,5.69
GTM,2004,CPI_INFL_ANNUAL_PCT,7.51
GTM,2005,CPI_INFL_ANNUAL_PCT,7.24
GTM,2006,CPI_INFL_ANNUAL_PCT,6.47
GTM,2007,CPI_INFL_ANNUAL_PCT,5.29
GTM,2008,CPI_INFL_ANNUAL_PCT,8.97
GTM,2008,CPI_INFL_ANNUAL_PCT,9.15
GTM,2009,CPI_INFL_ANNUAL_PCT,4.94
GTM,2010,CPI_INFL_ANNUAL_PCT,7.4
GTM,2011,CPI_INFL_ANNUAL_PCT,8.68
GTM,2012,CPI_INFL_ANNUAL_PCT,6.49
GTM,2013,CPI_INFL_ANNUAL_PCT,6.39
GTM,2014,CPI_INFL_ANNUAL_PCT,6.58
GTM,2015,CPI_INFL_ANNUAL_PCT,5.53
GTM,2016,CPI_INFL_ANNUAL_PCT,4.17
GTM,2017,CPI_INFL_ANNUAL_PCT,6.8
GTM,2018,CPI_INFL_ANNUAL_PCT,4.9
GTM,2019,CPI_INFL_ANNUAL_PCT,5.09
GTM,2019,CPI_INFL_ANNUAL_PCT,5.19
GTM,2020,CPI_INFL_ANNUAL_PCT,6.07
GTM,2021,CPI_INFL_ANNUAL_PCT,7.72
GTM,2022,CPI_INFL_ANNUAL_PCT,9.52
GTM,2023,CPI_INFL_ANNUAL_PCT,6.89
GTM,2024,CPI_INFL_ANNUAL_PCT,5.62
GTM,2025,CPI_INFL_ANNUAL_PCT,6.39
HND,2000,CPI_INFL_ANNUAL_PCT,6.52
HND,2001,CPI_INFL_ANNUAL_PCT,6.17
HND,2002,CPI_INFL_ANNUAL_PCT,7.6
HND,2003,CPI_INFL_ANNUAL_PCT,6.36
HND,2004,CPI_INFL_ANNUAL_PCT,8.38
HND,2005,CPI_INFL_ANNUAL_PCT,6.9
HND,2006,CPI_INFL_ANNUAL_PCT,6.79
HND,2007,CPI_INFL_ANNUAL_PCT,7.84
HND,2008,CPI_INFL_ANNUAL_PCT,11.6
HND,2009,CPI_INFL_ANNUAL_PCT,5.12
HND,2010,CPI_INFL_ANNUAL_PCT,5.97
HND,2011,CPI_INFL_ANNUAL_PCT,7.41
HND,2012,CPI_INFL_ANNUAL_PCT,7.97
HND,2013,CPI_INFL_ANNUAL_PCT,7.21
HND,2014,CPI_INFL_ANNUAL_PCT,6.67
HND,2015,CPI_INFL_ANNUAL_PCT,8.29
HND,2016,CPI_INFL_ANNUAL_PCT,8.14
HND,2017,CPI_INFL_ANNUAL_PCT,7.49
HND,2018,CPI_INFL_ANNUAL_PCT,8.86
HND,2019,CPI_INFL_ANNUAL_PCT,7.67
HND,2020,CPI_INFL_ANNUAL_PCT,6.88
HND,2021,CPI_INFL_ANNUAL_PCT,8.32
HND,2022,CPI_INFL_ANNUAL_PCT,11.59
HND,2023,CPI_INFL_ANNUAL_PCT,8.56
HND,2024,CPI_INFL_ANNUAL_PCT,6.29
HND,2025,CPI_INFL_ANNUAL_PCT,6.97
JAM,2000,CPI_INFL_ANNUAL_PCT,8.57
JAM,2001,CPI_INFL_ANNUAL_PCT,6.93
JAM,2002,CPI_INFL_ANNUAL_PCT,7.41
JAM,2003,CPI_INFL_ANNUAL_PCT,8.4
JAM,2004,CPI_INFL_ANNUAL_PCT,9.63
JAM,2005,CPI_INFL_ANNUAL_PCT,9.05
JAM,2006,CPI_INFL_ANNUAL_PCT,8.38
JAM,2007,CPI_INFL_ANNUAL_PCT,9.02
JAM,2008,CPI_INFL_ANNUAL_PCT,9.52
JAM,2009,CPI_INFL_ANNUAL_PCT,5.94
JAM,2010,CPI_INFL_ANNUAL_PCT,7.72
JAM,2011,CPI_INFL_ANNUAL_PCT,8.36
JAM,2011,CPI_INFL_ANNUAL_PCT,8.36
JAM,2012,CPI_INFL_ANNUAL_PCT,7.91
JAM,2013,CPI_INFL_ANNUAL_PCT,7.22
JAM,2014,CPI_INFL_ANNUAL_PCT,7.91
JAM,2015,CPI_INFL_ANNUAL_PCT,9.67
JAM,2016,CPI_INFL_ANNUAL_PCT,9.2
JAM,2017,CPI_INFL_ANNUAL_PCT,10.23
JAM,2017,CPI_INFL_ANNUAL_PCT,10.23
JAM,2018,CPI_INFL_ANNUAL_PCT,n/a
JAM,2019,CPI_INFL_ANNUAL_PCT,8.47
JAM,2020,CPI_INFL_ANNUAL_PCT,6.75
JAM,2021,CPI_INFL_ANNUAL_PCT,10.26
JAM,2022,CPI_INFL_ANNUAL_PCT,11.94
JAM,2023,CPI_INFL_ANNUAL_PCT,9.47
JAM,2024,CPI_INFL_ANNUAL_PCT,9.25
JAM,2025,CPI_INFL_ANNUAL_PCT,9.19
MEX,2000,CPI_INFL_ANNUAL_PCT,4.31
MEX,2001,CPI_INFL_ANNUAL_PCT,3.75
MEX,2002,CPI_INFL_ANNUAL_PCT,5.23
MEX,2003,CPI_INFL_ANNUAL_PCT,4.53
MEX,2004,CPI_INFL_ANNUAL_PCT,
MEX,2005,CPI_INFL_ANNUAL_PCT,6.16
MEX,2006,CPI_INFL_ANNUAL_PCT,4.44
MEX,2007,CPI_INFL_ANNUAL_PCT,6.1
MEX,2008,CPI_INFL_ANNUAL_PCT,5.81
MEX,2009,CPI_INFL_ANNUAL_PCT,
MEX,2010,CPI_INFL_ANNUAL_PCT,4.02
MEX,2011,CPI_INFL_ANNUAL_PCT,4.34
MEX,2012,CPI_INFL_ANNUAL_PCT,4.0
MEX,2013,CPI_INFL_ANNUAL_PCT,4.05
MEX,2014,CPI_INFL_ANNUAL_PCT,5.44
MEX,2015,CPI_INFL_ANNUAL_PCT,2.78
MEX,2016,CPI_INFL_ANNUAL_PCT,5.2
MEX,2017,CPI_INFL_ANNUAL_PCT,3.39
MEX,2018,CPI_INFL_ANNUAL_PCT,5.55
MEX,2019,CPI_INFL_ANNUAL_PCT,4.49
MEX,2020,CPI_INFL_ANNUAL_PCT,4.31
MEX,2021,CPI_INFL_ANNUAL_PCT,4.6
MEX,2022,CPI_INFL_ANNUAL_PCT,7.82
MEX,2023,CPI_INFL_ANNUAL_PCT,4.48
MEX,2024,CPI_INFL_ANNUAL_PCT,4.25
MEX,2025,CPI_INFL_ANNUAL_PCT,3.62
NIC,2000,CPI_INFL_ANNUAL_PCT,6.12
NIC,2001,CPI_INFL_ANNUAL_PCT,7.61
NIC,2002,CPI_INFL_ANNUAL_PCT,7.95
NIC,2003,CPI_INFL_ANNUAL_PCT,6.77
NIC,2004,CPI_INFL_ANNUAL_PCT,7.6
NIC,2005,CPI_INFL_ANNUAL_PCT,8.16
NIC,2006,CPI_INFL_ANNUAL_PCT,7.43
NIC,2007,CPI_INFL_ANNUAL_PCT,7.15
NIC,2008,CPI_INFL_ANNUAL_PCT,9.36
NIC,2009,CPI_INFL_ANNUAL_PCT,4.12
NIC,2010,CPI_INFL_ANNUAL_PCT,6.49
NIC,2011,CPI_INFL_ANNUAL_PCT,6.5
NIC,2012,CPI_INFL_ANNUAL_PCT,6.15
NIC,2013,CPI_INFL_ANNUAL_PCT,6.24
NIC,2014,CPI_INFL_ANNUAL_PCT,7.91
NIC,2015,CPI_INFL_ANNUAL_PCT,7.21
NIC,2016,CPI_INFL_ANNUAL_PCT,7.26
NIC,2017,CPI_INFL_ANNUAL_PCT,8.61
NIC,2018,CPI_INFL_ANNUAL_PCT,6.7
NIC,2019,CPI_INFL_ANNUAL_PCT,6.94
NIC,2020,CPI_INFL_ANNUAL_PCT,4.83
NIC,2021,CPI_INFL_ANNUAL_PCT,9.36
NIC,2022,CPI_INFL_ANNUAL_PCT,12.36
NIC,2023,CPI_INFL_ANNUAL_PCT,8.84
NIC,2024,CPI_INFL_ANNUAL_PCT,n/a
NIC,2025,CPI_INFL_ANNUAL_PCT,6.94
PAN,2000,CPI_INFL_ANNUAL_PCT,1.57
PAN,2001,CPI_INFL_ANNUAL_PCT,2.66
PAN,2002,CPI_INFL_ANNUAL_PCT,2.36
PAN,2003,CPI_INFL_ANNUAL_PCT,2.41
PAN,2004,CPI_INFL_ANNUAL_PCT,2.67
PAN,2005,CPI_INFL_ANNUAL_PCT,2.36
PAN,2006,CPI_INFL_ANNUAL_PCT,2.95
PAN,2007,CPI_INFL_ANNUAL_PCT,2.55
PAN,2008,CPI_INFL_ANNUAL_PCT,4.51
PAN,2009,CPI_INFL_ANNUAL_PCT,0.71
PAN,2010,CPI_INFL_ANNUAL_PCT,2.85
PAN,2011,CPI_INFL_ANNUAL_PCT,1.0
PAN,2012,CPI_INFL_ANNUAL_PCT,2.71
PAN,2013,CPI_INFL_ANNUAL_PCT,2.38
PAN,2014,CPI_INFL_ANNUAL_PCT,2.23
PAN,2015,CPI_INFL_ANNUAL_PCT,3.11
PAN,2016,CPI_INFL_ANNUAL_PCT,2.42
PAN,2017,CPI_INFL_ANNUAL_PCT,3.23
PAN,2018,CPI_INFL_ANNUAL_PCT,2.68
PAN,2019,CPI_INFL_ANNUAL_PCT,1.95
PAN,2020,CPI_INFL_ANNUAL_PCT,1.7
PAN,2021,CPI_INFL_ANNUAL_PCT,4.33
PAN,2022,CPI_INFL_ANNUAL_PCT,7.45
PAN,2023,CPI_INFL_ANNUAL_PCT,3.67
PAN,2024,CPI_INFL_ANNUAL_PCT,2.4
PAN,2025,CPI_INFL_ANNUAL_PCT,2.45
PER,2000,CPI_INFL_ANNUAL_PCT,2.24
PER,2001,CPI_INFL_ANNUAL_PCT,2.7
PER,2002,CPI_INFL_ANNUAL_PCT,2.65
PER,2003,CPI_INFL_ANNUAL_PCT,1.34
PER,2004,CPI_INFL_ANNUAL_PCT,3.48
PER,2005,CPI_INFL_ANNUAL_PCT,2.66
PER,2006,CPI_INFL_ANNUAL_PCT,1.68
PER,2007,CPI_INFL_ANNUAL_PCT,1.77
PER,2008,CPI_INFL_ANNUAL_PCT,3.95
PER,2009,CPI_INFL_ANNUAL_PCT,1.08
PER,2010,CPI_INFL_ANNUAL_PCT,1.65
PER,2011,CPI_INFL_ANNUAL_PCT,3.34
PER,2012,CPI_INFL_ANNUAL_PCT,2.01
PER,2013,CPI_INFL_ANNUAL_PCT,4.43
PER,2014,CPI_INFL_ANNUAL_PCT,3.01
PER,2015,CPI_INFL_ANNUAL_PCT,1.86
PER,2016,CPI_INFL_ANNUAL_PCT,2.95
PER,2017,CPI_INFL_ANNUAL_PCT,2.44
PER,2018,CPI_INFL_ANNUAL_PCT,4.35
PER,2019,CPI_INFL_ANNUAL_PCT,4.44
PER,2020,CPI_INFL_ANNUAL_PCT,2.78
PER,2021,CPI_INFL_ANNUAL_PCT,3.58
PER,2022,CPI_INFL_ANNUAL_PCT,8.05
PER,2023,CPI_INFL_ANNUAL_PCT,4.33
PER,2024,CPI_INFL_ANNUAL_PCT,3.58
PER,2025,CPI_INFL_ANNUAL_PCT,2.36
PRY,2000,CPI_INFL_ANNUAL_PCT,6.05
PRY,2001,CPI_INFL_ANNUAL_PCT,7.61
PRY,2002,CPI_INFL_ANNUAL_PCT,6.23
PRY,2003,CPI_INFL_ANNUAL_PCT,7.51
PRY,2004,CPI_INFL_ANNUAL_PCT,6.74
PRY,2005,CPI_INFL_ANNUAL_PCT,5.84
PRY,2006,CPI_INFL_ANNUAL_PCT,6.76
PRY,2007,CPI_INFL_ANNUAL_PCT,6.53
PRY,2008,CPI_INFL_ANNUAL_PCT,
PRY,2009,CPI_INFL_ANNUAL_PCT,4.28
PRY,2010,CPI_INFL_ANNUAL_PCT,7.06
PRY,2011,CPI_INFL_ANNUAL_PCT,5.93
PRY,2011,CPI_INFL_ANNUAL_PCT,5.93
PRY,2012,CPI_INFL_ANNUAL_PCT,6.65
PRY,2013,CPI_INFL_ANNUAL_PCT,6.29
PRY,2014,CPI_INFL_ANNUAL_PCT,6.95
PRY,2015,CPI_INFL_ANNUAL_PCT,5.87
PRY,2016,CPI_INFL_ANNUAL_PCT,6.21
PRY,2017,CPI_INFL_ANNUAL_PCT,6.79
PRY,2017,CPI_INFL_ANNUAL_PCT,6.79
PRY,2018,CPI_INFL_ANNUAL_PCT,5.19
PRY,2019,CPI_INFL_ANNUAL_PCT,7.2
PRY,2020,CPI_INFL_ANNUAL_PCT,5.87
PRY,2021,CPI_INFL_ANNUAL_PCT,7.98
PRY,2022,CPI_INFL_ANNUAL_PCT,10.29
PRY,2023,CPI_INFL_ANNUAL_PCT,8.68
PRY,2024,CPI_INFL_ANNUAL_PCT,5.58
PRY,2025,CPI_INFL_ANNUAL_PCT,7.18
SLV,2000,CPI_INFL_ANNUAL_PCT,2.67
SLV,2001,CPI_INFL_ANNUAL_PCT,4.04
SLV,2002,CPI_INFL_ANNUAL_PCT,2.64
SLV,2003,CPI_INFL_ANNUAL_PCT,2.64
SLV,2004,CPI_INFL_ANNUAL_PCT,2.61
SLV,2005,CPI_INFL_ANNUAL_PCT,3.63
SLV,2006,CPI_INFL_ANNUAL_PCT,3.63
SLV,2007,CPI_INFL_ANNUAL_PCT,3.11
SLV,2008,CPI_INFL_ANNUAL_PCT,5.6
SLV,2009,CPI_INFL_ANNUAL_PCT,1.15
SLV,2010,CPI_INFL_ANNUAL_PCT,2.98
SLV,2011,CPI_INFL_ANNUAL_PCT,4.21
SLV,2012,CPI_INFL_ANNUAL_PCT,2.67
SLV,2013,CPI_INFL_ANNUAL_PCT,3.43
SLV,2014,CPI_INFL_ANNUAL_PCT,3.22
SLV,2015,CPI_INFL_ANNUAL_PCT,2.88
SLV,2016,CPI_INFL_ANNUAL_PCT,3.31
SLV,2017,CPI_INFL_ANNUAL_PCT,2.94
SLV,2018,CPI_INFL_ANNUAL_PCT,4.17
SLV,2019,CPI_INFL_ANNUAL_PCT,1.84
SLV,2020,CPI_INFL_ANNUAL_PCT,n/a
SLV,2021,CPI_INFL_ANNUAL_PCT,4.35
SLV,2022,CPI_INFL_ANNUAL_PCT,7.21
SLV,2023,CPI_INFL_ANNUAL_PCT,4.18
SLV,2024,CPI_INFL_ANNUAL_PCT,1.59
SLV,2025,CPI_INFL_ANNUAL_PCT,3.95
TTO,2000,CPI_INFL_ANNUAL_PCT,5.61
TTO,2001,CPI_INFL_ANNUAL_PCT,6.65
TTO,2002,CPI_INFL_ANNUAL_PCT,5.03
TTO,2003,CPI_INFL_ANNUAL_PCT,6.01
TTO,2004,CPI_INFL_ANNUAL_PCT,4.59
TTO,2005,CPI_INFL_ANNUAL_PCT,4.74
TTO,2006,CPI_INFL_ANNUAL_PCT,4.62
TTO,2007,CPI_INFL_ANNUAL_PCT,4.62
TTO,2008,CPI_INFL_ANNUAL_PCT,8.39
TTO,2009,CPI_INFL_ANNUAL_PCT,2.85
TTO,2010,CPI_INFL_ANNUAL_PCT,6.3
TTO,2011,CPI_INFL_ANNUAL_PCT,7.12
TTO,2012,CPI_INFL_ANNUAL_PCT,5.49
TTO,2013,CPI_INFL_ANNUAL_PCT,6.38
TTO,2014,CPI_INFL_ANNUAL_PCT,5.12
TTO,2015,CPI_INFL_ANNUAL_PCT,5.8
TTO,2016,CPI_INFL_ANNUAL_PCT,4.68
TTO,2017,CPI_INFL_ANNUAL_PCT,6.85
TTO,2018,CPI_INFL_ANNUAL_PCT,4.72
TTO,2019,CPI_INFL_ANNUAL_PCT,5.75
TTO,2020,CPI_INFL_ANNUAL_PCT,4.67
TTO,2021,CPI_INFL_ANNUAL_PCT,7.14
TTO,2022,CPI_INFL_ANNUAL_PCT,9.9
TTO,2023,CPI_INFL_ANNUAL_PCT,6.8
TTO,2024,CPI_INFL_ANNUAL_PCT,7.32
TTO,2025,CPI_INFL_ANNUAL_PCT,6.39
URY,2000,CPI_INFL_ANNUAL_PCT,7.53
URY,2001,CPI_INFL_ANNUAL_PCT,6.87
URY,2002,CPI_INFL_ANNUAL_PCT,8.83
URY,2003,CPI_INFL_ANNUAL_PCT,7.31
URY,2004,CPI_INFL_ANNUAL_PCT,7.62
URY,2005,CPI_INFL_ANNUAL_PCT,8.13
URY,2006,CPI_INFL_ANNUAL_PCT,7.78
URY,2007,CPI_INFL_ANNUAL_PCT,8.6
URY,2008,CPI_INFL_ANNUAL_PCT,10.32
URY,2009,CPI_INFL_ANNUAL_PCT,5.21
URY,2010,CPI_INFL_ANNUAL_PCT,7.57
URY,2011,CPI_INFL_ANNUAL_PCT,7.55
URY,2012,CPI_INFL_ANNUAL_PCT,8.21
URY,2013,CPI_INFL_ANNUAL_PCT,7.97
URY,2014,CPI_INFL_ANNUAL_PCT,7.42
URY,2015,CPI_INFL_ANNUAL_PCT,7.35
URY,2016,CPI_INFL_ANNUAL_PCT,7.4
URY,2017,CPI_INFL_ANNUAL_PCT,7.27
URY,2018,CPI_INFL_ANNUAL_PCT,7.88
URY,2019,CPI_INFL_ANNUAL_PCT,7.6
URY,2020,CPI_INFL_ANNUAL_PCT,6.77
URY,2021,CPI_INFL_ANNUAL_PCT,8.43
URY,2022,CPI_INFL_ANNUAL_PCT,12.34
URY,2023,CPI_INFL_ANNUAL_PCT,9.72
URY,2024,CPI_INFL_ANNUAL_PCT,6.88
URY,2025,CPI_INFL_ANNUAL_PCT,6.83
VEN,2000,CPI_INFL_ANNUAL_PCT,18.72
VEN,2001,CPI_INFL_ANNUAL_PCT,18.52
VEN,2002,CPI_INFL_ANNUAL_PCT,17.23
VEN,2003,CPI_INFL_ANNUAL_PCT,19.62
VEN,2004,CPI_INFL_ANNUAL_PCT,17.2
VEN,2005,CPI_INFL_ANNUAL_PCT,17.69
VEN,2006,CPI_INFL_ANNUAL_PCT,18.59
VEN,2007,CPI_INFL_ANNUAL_PCT,16.7
VEN,2008,CPI_INFL_ANNUAL_PCT,19.8
VEN,2009,CPI_INFL_ANNUAL_PCT,16.73
VEN,2010,CPI_INFL_ANNUAL_PCT,28.2
VEN,2011,CPI_INFL_ANNUAL_PCT,26.1
VEN,2012,CPI_INFL_ANNUAL_PCT,21.1
VEN,2013,CPI_INFL_ANNUAL_PCT,40.6
VEN,2014,CPI_INFL_ANNUAL_PCT,62.2
VEN,2015,CPI_INFL_ANNUAL_PCT,121.7
VEN,2016,CPI_INFL_ANNUAL_PCT,254.4
VEN,2017,CPI_INFL_ANNUAL_PCT,862.0
VEN,2018,CPI_INFL_ANNUAL_PCT,1698.0
VEN,2019,CPI_INFL_ANNUAL_PCT,941.0
VEN,2020,CPI_INFL_ANNUAL_PCT,398.0
VEN,2021,CPI_INFL_ANNUAL_PCT,186.9
VEN,2022,CPI_INFL_ANNUAL_PCT,NA
VEN,2023,CPI_INFL_ANNUAL_PCT,189.8
VEN,2024,CPI_INFL_ANNUAL_PCT,64.0
VEN,2025,CPI_INFL_ANNUAL_PCT,38.0
