country_code,year,exports_fob_musd,imports_cif_musd,fdi_net_inflows_musd
AR,2000,46911.5,40036.5,6788.3
AR,2001,45261.4,41677.8,3083.2
AR,2002,43224.6,40045.1,5419.7
AR,2003,51004.3,47842.1,5331.2
AR,2004,58778.8,53009.7,6342.9
AR,2005,57499.0,56684.6,4574.2
AR,2006,63607.3,59533.6,3994.8
AR,2007,68989.0,64042.4,8234.5
AR,2008,75941.7,63428.8,6123.8
AR,2009,80578.8,69135.7,6199.9
AR,2010,89201.9,80517.1,9083.6
AR,2011,93737.8,85163.0,11075.8
AR,2012,98087.3,89134.5,4452.0
AR,2013,102078.1,85191.9,11862.7
AR,2014,103472.2,100654.6,8821.8
AR,2015,102020.2,92144.2,9768.4
AR,2016,98781.1,85497.6,11468.2
AR,2017,111380.7,105720.3,7405.5
AR,2018,112246.9,105362.1,13665.6
AR,2019,103630.6,99907.6,11908.4
AR,2020,80397.6,..,4195.7
AR,2021,107948.3,103423.6,16077.2
AR,2022,110471.3,102762.2,9432.3
AR,2023,109921.3,104991.9,
AR,2024,118438.6,102125.5,13809.1
AR,2025,,101558.6,11601.2
BO,2000,2286.1,2200.1,349.0
BO,2001,2632.9,2389.4,n/a
BO,2002,2786.9,2576.1,399.6
BO,2003,3007.5,2873.1,258.5
BO,2004,3956.6,3757.0,269.8
BO,2005,4387.0,4099.7,345.8
BO,2006,5219.2,4203.9,430.8
BO,2007,5740.2,5185.0,336.7
BO,2008,6075.2,5784.2,751.0
BO,2009,6956.7,6130.9,561.8
BO,2010,7189.2,6804.3,751.7
BO,2011,8358.6,7637.0,740.0
BO,2012,9423.3,8454.6,655.7
BO,2013,8941.7,7916.6,764.5
BO,2014,9243.7,9155.9,1324.4
BO,2015,8206.3,7996.9,981.7
BO,2016,8204.6,8269.0,1267.8
BO,2017,10761.0,9507.9,1297.5
BO,2018,10388.4,10237.1,1317.2
BO,2019,11749.9,10498.8,1644.7
BO,2020,9682.1,8028.7,822.1
BO,2021,12708.4,13647.0,1090.7
BO,2022,14203.8,13692.0,1606.7
BO,2023,15371.1,15140.7,1600.1
BO,2024,15947.4,14687.1,1382.8
BO,2025,16937.2,16066.5,1332.8
BR,2000,75229.2,71134.6,15228.8
BR,2001,81138.2,74445.4,23232.5
BR,2002,86961.1,83641.9,21321.4
BR,2003,90499.2,84499.8,25249.9
BR,2004,107047.6,102080.3,19993.0
BR,2005,118837.5,109487.5,31842.8
BR,2006,124666.2,117886.1,26689.9
BR,2007,135696.5,131416.8,33470.5
BR,2008,148392.6,134657.7,36579.6
BR,2009,145832.5,141004.2,23556.9
BR,2010,158045.0,145694.2,37671.2
BR,2011,178834.6,164345.0,56519.5
BR,2012,194714.3,186052.3,56549.1
BR,2013,180848.8,175189.7,51348.5
BR,2014,189919.7,175592.3,38046.7
BR,2014,189919.7,175592.3,38046.7
BR,2015,168160.7,147947.2,52840.3
BR,2015,168160.7,147947.2,52840.3
BR,2016,152304.6,150055.5,31925.5
BR,2017,176135.9,162449.3,53875.5
BR,2018,177173.2,165902.5,..
BR,2019,194389.1,194134.0,62859.9
BR,2020,166818.5,142123.4,31590.4
BR,2021,217015.9,205320.7,48564.5
BR,2022,249711.7,231605.0,58890.7
BR,2023,242068.7,251821.0,81528.4
BR,2024,265039.0,244185.1,52290.0
BR,2025,289240.0,268736.7,75041.2
CL,2000,23098.2,21803.2,5347.9
CL,2001,23774.9,21992.5,3600.4
CL,2002,25275.3,23611.9,2778.0
CL,2003,27243.2,26177.6,6166.2
CL,2004,33410.0,32776.5,5271.3
CL,2005,38568.0,35008.5,5963.1
CL,2006,43162.5,38418.5,5170.0
CL,2007,47723.2,45633.0,8071.7
CL,2008,58257.8,50464.6,9875.1
CL,2009,60543.6,56570.9,7363.1
CL,2010,67488.3,63979.8,12895.8
CL,2011,70476.6,66647.2,8440.7
CL,2012,79828.9,69819.3,12363.8
CL,2013,77444.1,74969.2,15665.5
CL,2014,,77832.4,18458.8
CL,2015,73421.0,67190.3,13602.4
CL,2016,72770.8,73613.9,14891.9
CL,2017,88553.6,78925.2,13776.0
CL,2018,94655.0,84058.0,16590.7
CL,2019,99454.0,88140.4,17523.4
CL,2020,72505.5,65511.7,9421.6
CL,2021,105803.5,96040.6,11912.9
CL,2022,111577.7,95547.8,13640.2
CL,2023,115222.8,111913.4,19204.1
CL,2024,123616.4,111919.5,..
CL,2025,136799.4,118614.3,23035.2
CO,2000,18092.7,15814.1,3681.9
CO,2001,19324.4,18291.8,3257.8
CO,2002,20953.7,18378.6,3925.3
CO,2003,21746.4,20987.9,3621.7
CO,2004,26423.1,24180.0,3852.1
CO,2005,31191.5,28412.9,3574.9
CO,2006,32269.5,31538.0,4700.1
CO,2007,35353.7,34432.1,2058.5
CO,2008,42001.3,38239.8,8930.3
CO,2009,42792.8,41364.7,6121.1
CO,2010,50591.8,47685.6,10372.5
CO,2011,54108.6,n/a,4970.4
CO,2012,54453.0,50748.0,9540.0
CO,2013,53796.5,51072.8,6413.9
CO,2014,56399.4,47671.8,15571.0
CO,2015,51704.7,48540.2,11947.4
CO,2016,51594.8,50519.8,7871.4
CO,2017,64551.4,60938.3,13242.5
CO,2018,64705.3,66212.5,9469.1
CO,2019,..,71648.2,13950.5
CO,2020,61234.5,51870.7,6787.7
CO,2021,78925.2,75121.3,16698.9
CO,2022,86936.8,89446.0,16065.5
CO,2023,95605.6,90760.0,14896.6
CO,2024,104292.2,98143.3,17041.2
CO,2025,111775.1,96272.1,21899.6
CR,2000,5217.7,5861.9,535.7
CR,2001,6233.0,6641.5,615.2
CR,2002,6614.5,7102.1,741.9
CR,2003,7084.4,7666.6,912.4
CR,2004,8072.1,8945.6,986.2
CR,2005,8903.5,9772.1,1029.5
CR,2006,10236.2,9763.2,1103.9
CR,2007,11595.7,11769.3,1357.3
CR,2008,11768.4,12270.4,1723.0
CR,2009,12984.3,13364.5,952.7
CR,2010,13030.3,13926.4,1483.2
CR,2011,14845.9,15872.1,1699.3
CR,2012,16386.6,16170.2,1796.1
CR,2013,16898.9,n/a,2149.3
CR,2014,17303.0,18849.1,2102.2
CR,2015,17145.4,,2071.5
CR,2016,18137.8,19264.5,1907.0
CR,2017,20724.7,21345.3,1527.3
CR,2018,21238.9,22716.6,4411.0
CR,2019,22944.2,24852.7,2050.0
CR,2020,19111.5,18262.8,1211.9
CR,2021,27068.2,28632.3,
CR,2022,31036.7,32964.5,3768.0
CR,2023,31844.4,32753.0,4174.0
CR,2024,34699.2,35876.1,3337.0
CR,2025,38078.0,37768.0,5034.8
CU,2000,4023.8,3850.6,168.6
CU,2001,3989.3,4324.7,137.2
CU,2002,4310.7,4465.5,121.4
CU,2003,4414.1,4544.3,111.2
CU,2004,4870.6,5388.6,192.8
CU,2005,5308.6,5335.7,171.5
CU,2006,5093.9,5252.8,126.0
CU,2009,..,6461.0,163.6
CU,2010,6796.1,7262.5,229.4
CU,2011,6979.7,7162.1,166.5
CU,2012,7764.9,7384.2,210.2
CU,2013,6855.5,7445.2,210.1
CU,2014,7582.0,8294.3,155.2
CU,2015,7980.4,8031.3,220.5
CU,2016,7925.7,8293.4,186.5
CU,2017,8223.7,8489.3,235.7
CU,2018,8988.6,9501.6,289.0
CU,2019,8959.4,9616.9,408.9
CU,2020,7349.0,6756.5,234.6
CU,2021,9331.1,10117.7,309.6
CU,2022,9441.6,10039.7,258.1
CU,2023,10155.5,10718.9,257.2
CU,2024,10378.9,11343.3,306.5
CU,2025,10502.5,11579.3,336.5
DO,2000,7002.8,6901.9,1188.5
DO,2001,6736.3,7450.1,903.7
DO,2002,7487.9,7793.9,945.3
DO,2003,8260.5,9028.7,1202.0
DO,2004,9976.8,10334.7,1078.8
DO,2005,10526.5,11683.5,1779.8
DO,2006,12145.0,..,1210.5
DO,2007,13619.0,14694.3,2829.2
DO,2008,14839.7,16433.0,2218.8
DO,2009,16596.4,16146.9,2578.6
DO,2010,18324.2,18602.7,2015.8
DO,2011,19197.3,21838.5,4354.5
DO,2012,19957.2,21402.6,3398.6
DO,2013,22437.4,23784.1,4421.1
DO,2014,24476.2,25356.7,3399.4
DO,2015,26212.7,27172.7,5108.0
DO,2016,26661.0,27137.4,3609.9
DO,2017,31527.3,32102.0,3181.9
DO,2018,32108.0,32867.0,5287.1
DO,2019,36030.2,36808.2,5976.2
DO,2020,29014.8,27674.6,3355.9
DO,2021,n/a,40801.3,3231.8
DO,2022,41893.2,45089.8,4791.1
DO,2023,45626.1,47815.3,3795.9
DO,2024,52400.3,50593.3,7114.6
DO,2025,52013.0,54706.6,10600.0
EC,2000,3969.8,3540.1,169.6
EC,2001,4387.4,4129.2,173.9
EC,2002,4747.7,4208.6,330.6
EC,2003,4773.5,4408.1,261.6
EC,2004,6552.7,6030.2,367.1
EC,2005,7105.5,6782.8,n/a
EC,2006,7986.1,7695.2,349.9
EC,2007,8588.8,7904.1,388.0
EC,2008,9456.5,9145.3,411.2
EC,2009,9878.5,9888.7,367.7
EC,2010,11966.5,10282.4,410.4
EC,2011,12279.3,13285.8,529.5
EC,2012,14609.6,13655.8,758.8
EC,2013,13327.6,12653.0,442.1
EC,2014,14200.3,12713.0,650.1
EC,2015,12840.6,12280.6,716.7
EC,2016,11699.8,11002.5,854.9
EC,2017,14819.7,12699.3,724.6
EC,2018,15367.7,14407.7,734.9
EC,2019,16323.1,14633.8,696.4
EC,2020,13013.2,11262.5,438.0
EC,2021,17107.5,17053.4,672.0
EC,2022,18284.5,18407.7,998.3
EC,2023,20428.1,18527.7,752.1
EC,2024,21130.3,19710.2,865.2
EC,2025,20532.5,19025.0,1004.0
GT,2000,4679.5,4839.9,n/a
GT,2002,5770.7,5560.4,257.5
GT,2003,6128.7,6460.2,429.5
GT,2004,6366.9,6975.3,437.4
GT,2005,7866.4,8061.4,391.6
GT,2006,9282.5,8824.5,511.2
GT,2007,9368.8,..,459.3
GT,2008,9578.8,10776.4,541.7
GT,2009,10288.1,10282.4,612.7
GT,2010,11733.6,11475.8,562.6
GT,2011,12919.7,14127.5,580.6
GT,2012,14074.0,13843.9,1007.7
GT,2013,14281.5,14424.9,855.8
GT,2014,15748.7,15831.4,822.6
GT,2015,15585.0,15770.5,934.0
GT,2016,16100.7,15568.2,1020.2
GT,2017,18062.8,18663.9,1166.6
GT,2018,19328.5,20512.1,1607.5
GT,2019,22195.0,21062.4,1229.2
GT,2020,n/a,16872.2,742.4
GT,2021,24191.2,26426.5,1934.2
GT,2022,27720.7,29504.4,1706.5
GT,2023,29630.6,31413.4,2152.5
GT,2024,29479.9,31722.4,1722.1
GT,2025,31409.8,35225.4,1841.3
HN,2000,3202.5,3193.9,271.3
HN,2002,3285.3,3560.7,283.7
HN,2003,3714.3,3859.3,366.8
HN,2004,4415.6,4454.2,463.1
HN,2005,4856.9,4958.1,335.7
HN,2006,5525.3,5727.5,664.6
HN,2007,5919.3,6168.5,660.1
HN,2008,6178.4,7008.4,789.4
HN,2009,6809.3,7557.3,880.1
HN,2010,7571.9,7299.9,720.4
HN,2011,7797.6,8045.3,644.3
HN,2012,8115.1,8325.2,960.3
HN,2013,8403.0,9081.4,..
HN,2014,8947.2,9773.9,963.9
HN,2015,9592.7,9928.2,1098.0
HN,2016,9793.5,9947.4,540.5
HN,2017,10826.6,11671.8,1565.4
HN,2018,11279.9,11886.6,1040.2
HN,2019,12148.0,12718.8,1258.3
HN,2020,9727.4,8547.7,974.1
HN,2021,12624.5,14257.5,768.5
HN,2022,14582.9,16871.4,1716.4
HN,2023,16411.0,17943.6,2278.9
HN,2024,17266.8,19289.4,1105.0
HN,2025,18808.6,20102.7,1384.4
JM,2000,2801.0,2876.3,306.4
JM,2001,2833.2,3047.2,231.6
JM,2002,2754.6,3229.2,331.1
JM,2003,2775.9,3108.1,243.4
JM,2004,3256.0,3517.2,386.8
JM,2005,3248.3,3386.5,544.3
JM,2006,3749.6,3922.8,347.2
JM,2007,3986.0,4126.2,472.6
JM,2008,4031.5,4415.1,432.2
JM,2009,..,4497.4,571.9
JM,2010,4558.3,4846.3,349.5
JM,2011,4928.5,5318.2,445.4
JM,2012,4840.7,5235.3,410.5
JM,2013,5037.6,5046.4,535.0
JM,2014,5015.3,5239.7,444.4
JM,2015,4888.0,5217.8,740.6
JM,2016,5137.0,5186.4,771.8
JM,2017,5981.5,6353.8,626.2
JM,2018,5937.9,6432.9,845.5
JM,2019,5916.0,6175.2,531.4
JM,2020,4704.4,4105.0,340.5
JM,2021,6170.8,6300.1,595.1
JM,2022,6730.2,6775.0,515.7
JM,2023,6423.7,7306.6,928.5
JM,2024,6698.7,7541.8,898.9
JM,2025,6756.2,7519.5,544.6
MX,2000,180386.1,201518.7,18461.1
MX,2001,216911.9,205761.5,18761.0
MX,2002,213025.4,229531.9,23445.0
MX,2003,218970.6,228053.7,20667.1
MX,2004,264534.9,274661.8,27240.6
MX,2005,293128.3,293448.5,31546.2
MX,2006,318501.8,317489.9,34921.1
MX,2007,333224.6,345969.9,22979.1
MX,2008,357323.0,387067.0,26009.0
MX,2009,352012.9,390643.8,30103.9
MX,2010,394544.5,387666.8,27589.2
MX,2011,451558.7,471008.2,39303.0
MX,2012,458865.5,500632.3,42162.2
MX,2013,474920.6,486218.3,53380.5
MX,2014,475104.3,507916.9,34950.6
MX,2015,453766.3,480358.0,31055.0
MX,2016,468915.2,505966.1,27563.3
MX,2017,530771.2,555991.0,54080.6
MX,2018,545018.2,574527.0,67463.1
MX,2019,584973.7,597429.9,55009.3
MX,2020,532789.5,515983.3,30941.3
MX,2021,690720.1,709256.4,51068.1
MX,2022,781311.3,838371.5,51629.0
MX,2023,749146.4,848138.4,63736.8
MX,2024,799237.2,844964.3,46091.2
MX,2025,786408.4,820705.8,61590.7
NI,2000,1879.0,2038.4,265.9
NI,2002,2127.3,2068.3,222.3
NI,2003,2325.9,2488.1,239.3
NI,2004,2634.7,2691.4,227.1
NI,2005,2850.6,3002.5,337.4
NI,2006,3193.3,3268.4,228.9
NI,2007,3614.8,3422.7,..
NI,2008,3765.3,3854.7,356.1
NI,2009,4100.6,4011.1,509.8
NI,2010,4797.1,4695.1,311.6
NI,2011,4917.6,5009.3,453.8
NI,2012,5026.3,5701.3,577.4
NI,2013,5392.7,5452.4,486.7
NI,2014,5793.7,5765.8,768.6
NI,2015,5672.3,6145.3,1019.0
NI,2016,5675.1,5633.2,631.4
NI,2017,6477.1,6307.6,965.1
NI,2018,6573.7,6956.6,869.0
NI,2019,6613.0,7018.7,875.2
NI,2020,5497.6,5172.5,466.7
NI,2021,7233.4,7606.2,900.1
NI,2022,7579.0,8280.2,1154.6
NI,2023,8069.8,8827.4,839.8
NI,2024,8343.4,9067.0,906.4
NI,2025,8872.0,9206.2,1157.0
PA,2000,5462.8,5797.2,923.0
PA,2001,5740.6,6640.9,1291.6
PA,2002,6830.8,7111.2,1338.9
PA,2003,7081.2,7761.3,1720.8
PA,2004,8841.5,8564.2,2166.7
PA,2005,9560.0,9681.0,1355.8
PA,2006,9976.5,10240.7,2081.7
PA,2007,11660.6,12110.8,1396.1
PA,2008,11752.2,12964.7,1378.2
PA,2009,12972.5,13537.5,3389.8
PA,2010,14670.5,15893.1,1354.3
PA,2011,15698.3,16290.4,2689.5
PA,2012,17119.8,17365.6,3003.4
PA,2013,17998.6,18387.8,3957.5
PA,2014,19271.5,21074.6,
PA,2015,20678.0,21133.1,4902.2
PA,2016,22111.3,22315.2,3471.6
PA,2017,24199.9,25274.6,4321.5
PA,2018,26563.4,28408.5,4436.0
PA,2019,27732.2,30009.5,7804.0
PA,2020,23427.8,21387.1,2895.4
PA,2021,31363.4,31090.3,7331.8
PA,2022,33399.5,36732.7,7723.0
PA,2023,38191.9,38629.9,7227.2
PA,2024,40426.2,44166.4,7055.4
PA,2025,42987.0,46999.5,8312.0
PE,2000,10485.1,10275.5,1505.0
PE,2001,12198.9,11145.5,1663.1
PE,2002,12951.8,12737.3,2376.8
PE,2003,14339.4,12923.6,1992.3
PE,2004,19249.7,17096.9,1902.4
PE,2005,20923.9,20546.5,1563.2
PE,2006,24702.2,..,4532.3
PE,2007,26878.2,24876.7,3991.7
PE,2008,31481.9,28164.9,5519.4
PE,2009,34155.8,31940.6,4357.3
PE,2010,39015.9,36990.7,5589.0
PE,2011,43041.0,41707.9,4669.8
PE,2012,44065.2,45278.6,5378.6
PE,2013,46822.9,41757.7,9136.4
PE,2014,48087.2,48001.0,8456.6
PE,2015,41985.0,n/a,9320.2
PE,2016,43133.8,38984.9,6803.2
PE,2017,52981.9,51049.5,9339.7
PE,2018,55583.8,52265.0,10046.1
PE,2019,65807.1,58471.2,10187.6
PE,2020,52478.5,46417.1,4765.5
PE,2021,66847.5,64774.8,12406.9
PE,2022,78579.6,72634.1,5229.6
PE,2023,75829.0,74067.7,11696.8
PE,2024,80552.1,75042.0,13041.2
PE,2025,90732.9,82854.1,11879.3
PY,2000,2814.3,2668.9,114.5
PY,2001,2967.9,2777.3,149.2
PY,2002,3276.5,3095.0,125.7
PY,2003,3459.3,3170.0,96.1
PY,2004,4186.8,3787.1,183.2
PY,2005,4895.9,,196.8
PY,2006,5179.4,4837.8,158.5
PY,2007,5651.9,5427.5,204.7
PY,2008,6933.2,6514.9,328.0
PY,2009,7239.3,7369.7,235.4
PY,2010,8353.7,7928.0,207.7
PY,2011,9233.9,8344.3,486.4
PY,2012,9613.3,8868.3,382.7
PY,2013,9349.3,8740.7,439.8
PY,2014,9982.2,9393.3,384.9
PY,2015,9196.8,8332.3,538.5
PY,2016,9699.1,9088.0,411.5
PY,2017,11596.9,10478.4,514.8
PY,2018,11824.0,12373.4,612.1
PY,2019,14287.7,12849.0,433.3
PY,2020,11133.3,,328.9
PY,2021,15226.3,16136.1,495.8
PY,2022,18299.4,17019.1,673.6
PY,2023,18260.0,17119.4,615.3
PY,2024,18483.7,19057.1,898.9
PY,2025,20117.2,19384.8,654.4
SV,2000,3834.7,4134.2,233.4
SV,2001,4057.4,4341.2,314.1
SV,2002,4151.3,4417.6,280.5
SV,2003,4316.8,4444.4,312.4
SV,2004,4781.5,5130.8,136.8
SV,2005,5007.5,5509.5,258.0
SV,2006,5735.8,5776.1,409.8
SV,2007,6199.9,6053.2,247.0
SV,2008,6518.6,6449.7,224.6
SV,2009,6508.9,6262.2,211.3
SV,2010,6792.5,7174.0,346.0
SV,2011,7064.5,7274.4,313.0
SV,2012,7101.4,7810.7,318.9
SV,2013,7450.9,7740.2,486.3
SV,2014,8207.9,8650.2,476.0
SV,2015,7777.1,8080.8,385.4
SV,2016,8174.5,8967.9,402.3
SV,2017,9533.4,8993.6,395.4
SV,2018,9729.2,10304.9,422.7
SV,2019,9792.8,10797.1,732.7
SV,2020,7856.4,7269.2,234.7
SV,2021,11127.3,10571.4,644.6
SV,2022,11827.1,13258.0,703.2
SV,2023,11457.3,12983.9,808.6
SV,2024,12258.1,13083.3,631.3
SV,2025,13074.8,14837.8,862.9
TT,2000,3567.4,3579.2,343.1
TT,2001,3736.0,3350.9,392.4
TT,2002,3933.4,3699.4,337.2
TT,2003,3986.2,3900.1,158.1
TT,2004,5262.2,5303.3,233.7
TT,2005,6370.7,5857.9,388.9
TT,2006,6644.0,6604.1,565.7
TT,2009,9013.3,8365.9,818.0
TT,2010,9944.7,9436.5,804.4
TT,2011,11484.2,10869.8,731.4
TT,2012,10664.5,10617.7,439.9
TT,2013,9918.8,9973.1,1069.6
TT,2014,10541.5,9532.2,857.2
TT,2015,9370.9,8037.7,777.8
TT,2016,7843.5,7171.4,576.2
TT,2017,9506.1,9441.3,1011.4
TT,2018,9663.7,9292.8,884.9
TT,2019,10155.2,9512.1,840.9
TT,2020,7931.6,6884.6,499.2
TT,2021,11059.0,9915.3,1146.7
TT,2022,12176.9,11440.2,953.1
TT,2023,11877.6,11299.3,751.4
TT,2024,..,11524.8,1193.9
TT,2025,12871.9,10961.6,854.7
UY,2000,4863.8,4676.1,878.0
UY,2001,4863.6,4646.5,874.9
UY,2002,4678.0,4474.8,717.1
UY,2003,4984.9,4650.8,748.0
UY,2004,6012.7,5766.0,892.5
UY,2005,6763.3,6190.6,1144.1
UY,2006,7619.5,6955.6,966.1
UY,2007,8365.9,7374.3,875.8
UY,2008,9145.8,8507.4,1120.4
UY,2009,9579.5,8389.7,1250.4
UY,2010,10655.4,9890.1,1179.4
UY,2011,11354.8,11256.5,1658.7
UY,2012,11762.6,11524.1,2402.1
UY,2013,,11473.2,1973.5
UY,2014,12526.5,10410.5,2224.7
UY,2015,11080.0,10122.3,1794.7
UY,2016,10985.9,10348.1,1668.2
UY,2017,12931.8,11939.3,2502.8
UY,2018,12924.2,12098.8,1757.5
UY,2019,14021.5,12327.1,1760.9
UY,2020,11213.0,9131.7,1110.3
UY,2021,14515.0,14478.9,1625.8
UY,2022,n/a,15398.6,1480.8
UY,2023,17413.6,17049.0,2586.1
UY,2024,18667.0,16815.7,1582.3
UY,2025,18570.4,17177.5,3685.2
VE,2000,23746.3,23050.8,1125.3
VE,2001,23240.0,24030.4,990.8
VE,2002,22667.2,20345.2,896.8
VE,2003,20725.2,19115.6,1361.5
VE,2004,33266.7,30977.0,1499.1
VE,2005,33536.0,33959.0,1385.5
VE,2006,41623.0,39359.3,1881.0
VE,2007,40885.0,39596.3,2382.2
VE,2008,47424.6,45079.6,2505.0
VE,2009,50399.7,46553.1,2477.9
VE,2010,59923.1,52593.0,2560.0
VE,2011,62357.4,57838.8,3521.2
VE,2012,68531.7,59251.1,3493.2
VE,2013,58789.6,56877.8,3972.5
VE,2014,60993.7,56375.0,2680.8
VE,2015,38067.0,37307.7,3105.8
VE,2016,24498.5,21487.3,1032.3
VE,2017,23857.5,24024.0,1259.0
VE,2018,18088.9,17533.0,1144.0
VE,2019,11970.0,11282.2,536.0
VE,2020,6937.2,5651.1,130.3
VE,2021,8069.5,8238.0,377.9
VE,2022,8472.9,8120.6,268.7
VE,2023,9241.5,8000.6,389.6
VE,2024,8280.9,8613.1,435.5
VE,2025,8404.5,7996.3,259.9
